{"Swing_PC": 0.010192109287241513, "Swing_NDP": -0.033692901196183095, "Swing_Liberal": 0.03433357804372045, "Swing_Green": 0.0035003587020992905, "Swing_Other": NaN}